{
  "nodes": {
    "model-conversion#2": {
      "contentWidth": 383.79171762837996,
      "rfNode": {
        "position": {
          "x": 781.0796940762446,
          "y": 187.22614827473166
        }
      }
    },
    "conversion#1": {
      "contentWidth": 444.1232510653409,
      "rfNode": {
        "position": {
          "x": 1244.428303271705,
          "y": 187.22614827473166
        }
      }
    },
    "audio-preview#1": {
      "contentWidth": 450,
      "rfNode": {
        "position": {
          "x": 1756.8000053092762,
          "y": 187.22614827473166
        }
      }
    }
  }
}