{
  "nodes": {
    "speech#1": {
      "contentWidth": 450,
      "rfNode": {
        "position": {
          "x": 829.2457078044225,
          "y": 185.44525368660612
        }
      },
      "sections": {
        "inputs": {
          "collapsed": {
            "text": {
              "[]": false
            }
          }
        }
      }
    },
    "model#2": {
      "contentWidth": 443.1714091352669,
      "rfNode": {
        "position": {
          "x": 288.3552645166859,
          "y": 185.44525368660612
        }
      }
    },
    "audio_preview#1": {
      "contentWidth": 450,
      "rfNode": {
        "position": {
          "x": 1360.2865625766694,
          "y": 185.44525368660612
        }
      }
    }
  }
}